key,df,idf
aardbeien,4,6.555356891810665
jdk,4,6.555356891810665
increase,4,6.555356891810665
ingwerknolle,4,6.555356891810665
ingwerpulver,4,6.555356891810665
ish,4,6.555356891810665
italians,4,6.555356891810665
iuzzini,4,6.555356891810665
jalapeńo,4,6.555356891810665
japapeno,4,6.555356891810665
jello,4,6.555356891810665
icing,4,6.555356891810665
joghurt,4,6.555356891810665
jovial,4,6.555356891810665
jug,4,6.555356891810665
julienned,4,6.555356891810665
jícama,4,6.555356891810665
kadota,4,6.555356891810665
kafr,4,6.555356891810665
kahla,4,6.555356891810665
ince,4,6.555356891810665
ibarra,4,6.555356891810665
mold,4,6.555356891810665
heidelbeeren,4,6.555356891810665
golden,4,6.555356891810665
grahm,4,6.555356891810665
grap,4,6.555356891810665
greenspre,4,6.555356891810665
greys,4,6.555356891810665
grner,4,6.555356891810665
halfcaviar,4,6.555356891810665
halloween,4,6.555356891810665
hhnchenbrste,4,6.555356891810665
hunk,4,6.555356891810665
highly,4,6.555356891810665
hold,4,6.555356891810665
hole,4,6.555356891810665
holiday,4,6.555356891810665
hollyhock,4,6.555356891810665
honig,4,6.555356891810665
horseradish,4,6.555356891810665
huajillo,4,6.555356891810665
kakao,4,6.555356891810665
kalte,4,6.555356891810665
kamaboko,4,6.555356891810665
maytag,4,6.555356891810665
macoun,4,6.555356891810665
malfaldine,4,6.555356891810665
marble,4,6.555356891810665
marc,4,6.555356891810665
marionberrie,4,6.555356891810665
mark,4,6.555356891810665
martha,4,6.555356891810665
mary,4,6.555356891810665
mccormicks,4,6.555356891810665
kaninchenkeulen,4,6.555356891810665
meatballbeefparsleyeggoreganoporkbread,4,6.555356891810665
med,4,6.555356891810665
mett,4,6.555356891810665
meyers,4,6.555356891810665
mineral,4,6.555356891810665
mineralwasser,4,6.555356891810665
minimaïskolfje,4,6.555356891810665
minimum,4,6.555356891810665
luster,4,6.555356891810665
lollo,4,6.555356891810665
liquor,4,6.555356891810665
limettensaft,4,6.555356891810665
kaninchenrücken,4,6.555356891810665
kapern,4,6.555356891810665
kasseler,4,6.555356891810665
kix,4,6.555356891810665
klflaschen,4,6.555356891810665
kokoschip,4,6.555356891810665
kokosraspel,4,6.555356891810665
kopfsalat,4,6.555356891810665
label,4,6.555356891810665
lardo,4,6.555356891810665
lbfresh,4,6.555356891810665
lech,4,6.555356891810665
lentils,4,6.555356891810665
lettucesgreen,4,6.555356891810665
licorice,4,6.555356891810665
lillet,4,6.555356891810665
limetten,4,6.555356891810665
girl,4,6.555356891810665
gingernut,4,6.555356891810665
gf,4,6.555356891810665
cornflourcornstarch,4,6.555356891810665
ck,4,6.555356891810665
clover,4,6.555356891810665
cluster,4,6.555356891810665
coating,4,6.555356891810665
comfort,4,6.555356891810665
compote,4,6.555356891810665
confectioners,4,6.555356891810665
content,4,6.555356891810665
cr,4,6.555356891810665
decoration,4,6.555356891810665
cranberryraspberry,4,6.555356891810665
creamer,4,6.555356891810665
crisps,4,6.555356891810665
cupfresh,4,6.555356891810665
cupgood,4,6.555356891810665
curst,4,6.555356891810665
dandelion,4,6.555356891810665
dave,4,6.555356891810665
citron,4,6.555356891810665
ciliegine,4,6.555356891810665
ciderverjuapple,4,6.555356891810665
ciabattabrötchen,4,6.555356891810665
cannoli,4,6.555356891810665
carnation,4,6.555356891810665
castello,4,6.555356891810665
castor,4,6.555356891810665
cat,4,6.555356891810665
ceci,4,6.555356891810665
chambord,4,6.555356891810665
chantilly,4,6.555356891810665
chardonnay,4,6.555356891810665
chee,4,6.555356891810665
chickenvegetable,4,6.555356891810665
chicoree,4,6.555356891810665
chilijalapeño,4,6.555356891810665
chipsmorsel,4,6.555356891810665
choose,4,6.555356891810665
choppe,4,6.555356891810665
choux,4,6.555356891810665
decaf,4,6.555356891810665
dice,4,6.555356891810665
gesneden,4,6.555356891810665
frostingbatchcheese,4,6.555356891810665
forelle,4,6.555356891810665
frambozen,4,6.555356891810665
fraîche,4,6.555356891810665
fresco,4,6.555356891810665
frische,4,6.555356891810665
frise,4,6.555356891810665
frontier,4,6.555356891810665
frost,4,6.555356891810665
frostingbatterfoodcakedevil,4,6.555356891810665
dieet,4,6.555356891810665
fungus,4,6.555356891810665
gai,4,6.555356891810665
galanga,4,6.555356891810665
garnishsqueeze,4,6.555356891810665
gelber,4,6.555356891810665
gemahlene,4,6.555356891810665
geraspte,4,6.555356891810665
gerstete,4,6.555356891810665
forbid,4,6.555356891810665
fondant,4,6.555356891810665
flourcocoasodabaking,4,6.555356891810665
flavour,4,6.555356891810665
directionboxmoussejelloaccord,4,6.555356891810665
dragon,4,6.555356891810665
dragées,4,6.555356891810665
drainbread,4,6.555356891810665
dschen,4,6.555356891810665
eclair,4,6.555356891810665
eg,4,6.555356891810665
eggnog,4,6.555356891810665
eggrice,4,6.555356891810665
ei,4,6.555356891810665
eieren,4,6.555356891810665
elderflower,4,6.555356891810665
elephant,4,6.555356891810665
erkalteter,4,6.555356891810665
farfalleorganicdelallo,4,6.555356891810665
finely,4,6.555356891810665
flan,4,6.555356891810665
mirepoixcajun,4,6.555356891810665
monosodium,4,6.555356891810665
camargue,4,6.555356891810665
thicken,4,6.555356891810665
tablespoonsg,4,6.555356891810665
tablespoosn,4,6.555356891810665
tablesppon,4,6.555356891810665
tasting,4,6.555356891810665
tbspdraine,4,6.555356891810665
teaaspoon,4,6.555356891810665
tessemae,4,6.555356891810665
thermometer,4,6.555356891810665
think,4,6.555356891810665
szechuan,4,6.555356891810665
timbale,4,6.555356891810665
time,4,6.555356891810665
tiramisu,4,6.555356891810665
tobasco,4,6.555356891810665
tofurky,4,6.555356891810665
tornchoppe,4,6.555356891810665
torrone,4,6.555356891810665
toscano,4,6.555356891810665
tablespoonful,4,6.555356891810665
swerve,4,6.555356891810665
morsel,4,6.555356891810665
sort,4,6.555356891810665
shreddedgrate,4,6.555356891810665
shuck,4,6.555356891810665
sir,4,6.555356891810665
siraracha,4,6.555356891810665
sl,4,6.555356891810665
slankroom,4,6.555356891810665
sojasauce,4,6.555356891810665
sojaöl,4,6.555356891810665
speisequark,4,6.555356891810665
suet,4,6.555356891810665
spiceallspice,4,6.555356891810665
spirarcha,4,6.555356891810665
stallardmother,4,6.555356891810665
starker,4,6.555356891810665
stk,4,6.555356891810665
strong,4,6.555356891810665
strongly,4,6.555356891810665
sucree,4,6.555356891810665
tpfchen,4,6.555356891810665
truroot,4,6.555356891810665
tubetti,4,6.555356891810665
zartbitter,4,6.555356891810665
whisk,4,6.555356891810665
whisky,4,6.555356891810665
whiting,4,6.555356891810665
wildtree,4,6.555356891810665
wisconsin,4,6.555356891810665
year,4,6.555356891810665
zaatar,4,6.555356891810665
zak,4,6.555356891810665
zelfrijzend,4,6.555356891810665
tubettini,4,6.555356891810665
zimtstange,4,6.555356891810665
zitronat,4,6.555356891810665
zitronenjulienne,4,6.555356891810665
zitronenscheibe,4,6.555356891810665
zitronenscheiben,4,6.555356891810665
zoosh,4,6.555356891810665
zuckerschoten,4,6.555356891810665
äpfel,4,6.555356891810665
wheatgrass,4,6.555356891810665
wanton,4,6.555356891810665
wan,4,6.555356891810665
walter,4,6.555356891810665
unbehandelten,4,6.555356891810665
unhulle,4,6.555356891810665
unpack,4,6.555356891810665
unsalte,4,6.555356891810665
unssalte,4,6.555356891810665
vacuum,4,6.555356891810665
valrhona,4,6.555356891810665
vanillezucker,4,6.555356891810665
vegetabble,4,6.555356891810665
vegetableanaheim,4,6.555356891810665
velveeta,4,6.555356891810665
verbena,4,6.555356891810665
verse,4,6.555356891810665
vinsanto,4,6.555356891810665
vitamin,4,6.555356891810665
wagon,4,6.555356891810665
walnüsse,4,6.555356891810665
shredde,4,6.555356891810665
shimeji,4,6.555356891810665
serving,4,6.555356891810665
paoprik,4,6.555356891810665
organic,4,6.555356891810665
orgeat,4,6.555356891810665
orichette,4,6.555356891810665
orleans,4,6.555356891810665
ouncesg,4,6.555356891810665
palak,4,6.555356891810665
pamela,4,6.555356891810665
panettone,4,6.555356891810665
parmesankse,4,6.555356891810665
pinkredorange,4,6.555356891810665
parmesean,4,6.555356891810665
payday,4,6.555356891810665
pckch,4,6.555356891810665
perzik,4,6.555356891810665
pete,4,6.555356891810665
pfefferschote,4,6.555356891810665
phoran,4,6.555356891810665
pimentonspanish,4,6.555356891810665
oreos,4,6.555356891810665
orangensaft,4,6.555356891810665
orangeat,4,6.555356891810665
orange,4,6.555356891810665
morselounce,4,6.555356891810665
moscato,4,6.555356891810665
muscadet,4,6.555356891810665
muscovado,4,6.555356891810665
mushroomportobellosoy,4,6.555356891810665
myers,4,6.555356891810665
nayonaise,4,6.555356891810665
nayonnaise,4,6.555356891810665
nbspbrothminute,4,6.555356891810665
nestl,4,6.555356891810665
nielsen,4,6.555356891810665
nondairy,4,6.555356891810665
nutter,4,6.555356891810665
octopus,4,6.555356891810665
oderweiche,4,6.555356891810665
onio,4,6.555356891810665
onionsspring,4,6.555356891810665
pinches,4,6.555356891810665
pistou,4,6.555356891810665
servig,4,6.555356891810665
schmaltz,4,6.555356891810665
rotbarben,4,6.555356891810665
rundvleesbouillon,4,6.555356891810665
räucherspeck,4,6.555356891810665
saba,4,6.555356891810665
sambhar,4,6.555356891810665
sambuca,4,6.555356891810665
sandingsparkle,4,6.555356891810665
scharffen,4,6.555356891810665
schnittlauch,4,6.555356891810665
pomelos,4,6.555356891810665
schokoladen,4,6.555356891810665
score,4,6.555356891810665
sealandolake,4,6.555356891810665
seaquality,4,6.555356891810665
seaweed,4,6.555356891810665
seedless,4,6.555356891810665
sep,4,6.555356891810665
sercial,4,6.555356891810665
rose,4,6.555356891810665
rmy,4,6.555356891810665
rittenhouse,4,6.555356891810665
risoni,4,6.555356891810665
pontormo,4,6.555356891810665
popcorn,4,6.555356891810665
porkvealbeef,4,6.555356891810665
potje,4,6.555356891810665
praline,4,6.555356891810665
preservative,4,6.555356891810665
pttomato,4,6.555356891810665
qimiq,4,6.555356891810665
quahog,4,6.555356891810665
rapidly,4,6.555356891810665
rd,4,6.555356891810665
red,4,6.555356891810665
redskin,4,6.555356891810665
rhabarber,4,6.555356891810665
ride,4,6.555356891810665
riesengarnelen,4,6.555356891810665
rindersteak,4,6.555356891810665
camu,4,6.555356891810665
ﬁsh,4,6.555356891810665
buttercooke,4,6.555356891810665
bavarian,4,6.555356891810665
bagm,4,6.555356891810665
anchotortilla,4,6.555356891810665
baileys,4,6.555356891810665
beau,4,6.555356891810665
bombay,4,6.555356891810665
amaro,4,6.555356891810665
alternative,4,6.555356891810665
callison,4,6.555356891810665
batter,4,6.555356891810665
batchdough,4,6.555356891810665
alphabetflower,4,6.555356891810665
basterdsuiker,4,6.555356891810665
callebaut,4,6.555356891810665
burg,4,6.555356891810665
blik,4,6.555356891810665
beefeater,4,6.555356891810665
bachelor,4,6.555356891810665
açaí,4,6.555356891810665
cajeta,4,6.555356891810665
bruise,4,6.555356891810665
blaadje,4,6.555356891810665
brut,4,6.555356891810665
cacaopoeder,4,6.555356891810665
biscuitbake,4,6.555356891810665
biscoff,4,6.555356891810665
birthday,4,6.555356891810665
birnensaft,4,6.555356891810665
birdseye,4,6.555356891810665
basalmic,4,6.555356891810665
birdeye,4,6.555356891810665
bicarbonate,4,6.555356891810665
braeburn,4,6.555356891810665
becel,4,6.555356891810665
barely,4,6.555356891810665
ajwain,4,6.555356891810665
brandie,4,6.555356891810665
barlett,4,6.555356891810665
calmyrna,4,6.555356891810665
barney,4,6.555356891810665
pakora,5,6.332213340496455
bengal,5,6.332213340496455
mizkan,5,6.332213340496455
beetroot,5,6.332213340496455
mincedgrate,5,6.332213340496455
mlfl,5,6.332213340496455
mill,5,6.332213340496455
milkalmond,5,6.332213340496455
mildsweet,5,6.332213340496455
mildish,5,6.332213340496455
miesmuschel,5,6.332213340496455
mgroer,5,6.332213340496455
mex,5,6.332213340496455
benita,5,6.332213340496455
ml,5,6.332213340496455
mlpint,5,6.332213340496455
mentuccia,5,6.332213340496455
mnster,5,6.332213340496455
mouse,5,6.332213340496455
moulard,5,6.332213340496455
mostaccioli,5,6.332213340496455
beefground,5,6.332213340496455
party,5,6.332213340496455
beefsteakhackfleisch,5,6.332213340496455
morningstar,5,6.332213340496455
mornay,5,6.332213340496455
morita,5,6.332213340496455
moreton,5,6.332213340496455
morcheln,5,6.332213340496455
montereyjack,5,6.332213340496455
montecito,5,6.332213340496455
pasillas,5,6.332213340496455
montasio,5,6.332213340496455
mere,5,6.332213340496455
mehlig,5,6.332213340496455
camellia,5,6.332213340496455
partly,5,6.332213340496455
pasteadraklahsun,5,6.332213340496455
pat,5,6.332213340496455
beyonce,5,6.332213340496455
mangetout,5,6.332213340496455
patak,5,6.332213340496455
paul,5,6.332213340496455
mandelblättchen,5,6.332213340496455
mandarine,5,6.332213340496455
mamey,5,6.332213340496455
malvani,5,6.332213340496455
pav,5,6.332213340496455
malai,5,6.332213340496455
malabar,5,6.332213340496455
makhani,5,6.332213340496455
majoranblttern,5,6.332213340496455
marinadesauce,5,6.332213340496455
pastariso,5,6.332213340496455
pastamarinara,5,6.332213340496455
martinez,5,6.332213340496455
mediumlarge,5,6.332213340496455
medim,5,6.332213340496455
berbere,5,6.332213340496455
meatballs,5,6.332213340496455
mayonaise,5,6.332213340496455
pasillo,5,6.332213340496455
besciamella,5,6.332213340496455
marinarasauce,5,6.332213340496455
marscarpone,5,6.332213340496455
maroni,5,6.332213340496455
maris,5,6.332213340496455
mario,5,6.332213340496455
pass,5,6.332213340496455
marination,5,6.332213340496455
mozzarellakäse,5,6.332213340496455
muchi,5,6.332213340496455
msg,5,6.332213340496455
basmanti,5,6.332213340496455
panch,5,6.332213340496455
batchcrema,5,6.332213340496455
panda,5,6.332213340496455
paneercottage,5,6.332213340496455
orand,5,6.332213340496455
optional,5,6.332213340496455
onionspyaaz,5,6.332213340496455
onionspe,5,6.332213340496455
onioncilantro,5,6.332213340496455
bayleaf,5,6.332213340496455
omaha,5,6.332213340496455
olives,5,6.332213340496455
olivenl,5,6.332213340496455
oilbutterghee,5,6.332213340496455
od,5,6.332213340496455
basting,5,6.332213340496455
pamper,5,6.332213340496455
baskettomatopint,5,6.332213340496455
palmful,5,6.332213340496455
pak,5,6.332213340496455
paccheri,5,6.332213340496455
pabda,5,6.332213340496455
paleo,5,6.332213340496455
paar,5,6.332213340496455
ozml,5,6.332213340496455
ouzo,5,6.332213340496455
orrechiette,5,6.332213340496455
outside,5,6.332213340496455
ouncetomato,5,6.332213340496455
basmathi,5,6.332213340496455
ouncequality,5,6.332213340496455
ounc,5,6.332213340496455
ortega,5,6.332213340496455
basilikumblätter,5,6.332213340496455
bd,5,6.332213340496455
ocean,5,6.332213340496455
parma,5,6.332213340496455
naples,5,6.332213340496455
nancy,5,6.332213340496455
nana,5,6.332213340496455
nakano,5,6.332213340496455
muttonchicken,5,6.332213340496455
musk,5,6.332213340496455
beecher,5,6.332213340496455
paprikakashmiri,5,6.332213340496455
muscovy,5,6.332213340496455
muschel,5,6.332213340496455
parmagiano,5,6.332213340496455
parmigiana,5,6.332213340496455
muir,5,6.332213340496455
mug,5,6.332213340496455
bechamel,5,6.332213340496455
mais,5,6.332213340496455
ny,5,6.332213340496455
niçoise,5,6.332213340496455
beach,5,6.332213340496455
nutri,5,6.332213340496455
nuoc,5,6.332213340496455
nopalito,5,6.332213340496455
non,5,6.332213340496455
nm,5,6.332213340496455
beansprouts,5,6.332213340496455
pappadum,5,6.332213340496455
niblet,5,6.332213340496455
neufchtel,5,6.332213340496455
bearnaise,5,6.332213340496455
needvegetable,5,6.332213340496455
needbrothbeef,5,6.332213340496455
papadum,5,6.332213340496455
maitake,5,6.332213340496455
calvados,5,6.332213340496455
maille,5,6.332213340496455
jarscan,5,6.332213340496455
href,5,6.332213340496455
horizon,5,6.332213340496455
hoppe,5,6.332213340496455
honeysuckle,5,6.332213340496455
holy,5,6.332213340496455
hollandaise,5,6.332213340496455
boule,5,6.332213340496455
hoja,5,6.332213340496455
hingasafoetida,5,6.332213340496455
hing,5,6.332213340496455
hilsa,5,6.332213340496455
hiking,5,6.332213340496455
hierba,5,6.332213340496455
hier,5,6.332213340496455
hibiscus,5,6.332213340496455
hhnerbrste,5,6.332213340496455
hhnerbrhe,5,6.332213340496455
hurry,5,6.332213340496455
hähnchenbrüste,5,6.332213340496455
hühnerfleisch,5,6.332213340496455
item,5,6.332213340496455
jarlsberg,5,6.332213340496455
jarcan,5,6.332213340496455
jalapeños,5,6.332213340496455
jalapeoserrano,5,6.332213340496455
jalapeos,5,6.332213340496455
jackie,5,6.332213340496455
jackfruit,5,6.332213340496455
instruction,5,6.332213340496455
hüttenkäse,5,6.332213340496455
ingwerwurzel,5,6.332213340496455
ingredient,5,6.332213340496455
infuse,5,6.332213340496455
ind,5,6.332213340496455
boling,5,6.332213340496455
incm,5,6.332213340496455
iceburg,5,6.332213340496455
heritage,5,6.332213340496455
herbed,5,6.332213340496455
henning,5,6.332213340496455
gramkala,5,6.332213340496455
bratwurst,5,6.332213340496455
gresh,5,6.332213340496455
gremolata,5,6.332213340496455
graupen,5,6.332213340496455
gratin,5,6.332213340496455
grapevine,5,6.332213340496455
grandma,5,6.332213340496455
breadcrumbs,5,6.332213340496455
grober,5,6.332213340496455
gorund,5,6.332213340496455
gomasio,5,6.332213340496455
breading,5,6.332213340496455
goji,5,6.332213340496455
gobindobhog,5,6.332213340496455
goatlamb,5,6.332213340496455
glatte,5,6.332213340496455
grobe,5,6.332213340496455
grote,5,6.332213340496455
hellman,5,6.332213340496455
halditumeric,5,6.332213340496455
heirloomtomato,5,6.332213340496455
heinz,5,6.332213340496455
hauchdnnen,5,6.332213340496455
harvestchipotlefamilyhurst,5,6.332213340496455
hard,5,6.332213340496455
haloumi,5,6.332213340496455
halftomato,5,6.332213340496455
haldi,5,6.332213340496455
groz,5,6.332213340496455
hain,5,6.332213340496455
guy,5,6.332213340496455
gup,5,6.332213340496455
gum,5,6.332213340496455
guindilla,5,6.332213340496455
guava,5,6.332213340496455
guacamoleavocado,5,6.332213340496455
jarroot,5,6.332213340496455
jeelakara,5,6.332213340496455
mahimahi,5,6.332213340496455
jenni,5,6.332213340496455
laura,5,6.332213340496455
laukibottle,5,6.332213340496455
laugh,5,6.332213340496455
abbamele,5,6.332213340496455
lasagneplatten,5,6.332213340496455
lasagneblätter,5,6.332213340496455
lasagnadreamfield,5,6.332213340496455
bisquick,5,6.332213340496455
lap,5,6.332213340496455
lammstielkotelett,5,6.332213340496455
lammlachse,5,6.332213340496455
lammkotelett,5,6.332213340496455
lammhackfleisch,5,6.332213340496455
lammfond,5,6.332213340496455
lammfilet,5,6.332213340496455
lambbeef,5,6.332213340496455
ladle,5,6.332213340496455
lava,5,6.332213340496455
lbg,5,6.332213340496455
lbgluten,5,6.332213340496455
loosley,5,6.332213340496455
magret,5,6.332213340496455
maccheroni,5,6.332213340496455
luke,5,6.332213340496455
lowry,5,6.332213340496455
low,5,6.332213340496455
lotus,5,6.332213340496455
lop,5,6.332213340496455
longhorn,5,6.332213340496455
lbsjumbo,5,6.332213340496455
limonensaft,5,6.332213340496455
limezest,5,6.332213340496455
lil,5,6.332213340496455
lengthwise,5,6.332213340496455
leekswhite,5,6.332213340496455
leafy,5,6.332213340496455
lea,5,6.332213340496455
kürbiskerne,5,6.332213340496455
kürbis,5,6.332213340496455
küchenfertige,5,6.332213340496455
kala,5,6.332213340496455
blanc,5,6.332213340496455
kamut,5,6.332213340496455
blattspinat,5,6.332213340496455
kalonjikala,5,6.332213340496455
kalbsschnitzel,5,6.332213340496455
kalbsfond,5,6.332213340496455
kalbs,5,6.332213340496455
bliss,5,6.332213340496455
kasturi,5,6.332213340496455
kabsa,5,6.332213340496455
jule,5,6.332213340496455
bluefish,5,6.332213340496455
bndel,5,6.332213340496455
joe,5,6.332213340496455
jersey,5,6.332213340496455
jerk,5,6.332213340496455
kari,5,6.332213340496455
kc,5,6.332213340496455
kurze,5,6.332213340496455
knoblauchknolle,5,6.332213340496455
kurobutaberkshire,5,6.332213340496455
krusteaz,5,6.332213340496455
kroger,5,6.332213340496455
korianderwurzel,5,6.332213340496455
konriko,5,6.332213340496455
kokoscreme,5,6.332213340496455
knudsen,5,6.332213340496455
klondike,5,6.332213340496455
keemamince,5,6.332213340496455
blackbrown,5,6.332213340496455
kirbys,5,6.332213340496455
kippenbouillon,5,6.332213340496455
kipfilet,5,6.332213340496455
kewda,5,6.332213340496455
kefir,5,6.332213340496455
keffir,5,6.332213340496455
lingham,5,6.332213340496455
pepperoncinis,5,6.332213340496455
basa,5,6.332213340496455
tempura,5,6.332213340496455
teleme,5,6.332213340496455
tejpata,5,6.332213340496455
teig,5,6.332213340496455
ted,5,6.332213340496455
tecate,5,6.332213340496455
teaspoonsras,5,6.332213340496455
teacup,5,6.332213340496455
tbspunsalte,5,6.332213340496455
tbspfreshly,5,6.332213340496455
tbspfor,5,6.332213340496455
tbp,5,6.332213340496455
tava,5,6.332213340496455
antelope,5,6.332213340496455
tasse,5,6.332213340496455
taspoon,5,6.332213340496455
tarrragon,5,6.332213340496455
tarator,5,6.332213340496455
temper,5,6.332213340496455
tenderizer,5,6.332213340496455
arvinda,5,6.332213340496455
tennis,5,6.332213340496455
trader,5,6.332213340496455
tpfchenbund,5,6.332213340496455
tomatillos,5,6.332213340496455
tomatillogreen,5,6.332213340496455
toastrice,5,6.332213340496455
tj,5,6.332213340496455
anejo,5,6.332213340496455
tiefgefrorener,5,6.332213340496455
tianjin,5,6.332213340496455
thumbsize,5,6.332213340496455
third,5,6.332213340496455
anheim,5,6.332213340496455
thickhunggreek,5,6.332213340496455
th,5,6.332213340496455
tesco,5,6.332213340496455
terrance,5,6.332213340496455
tentacle,5,6.332213340496455
tapatio,5,6.332213340496455
tallow,5,6.332213340496455
tacogrill,5,6.332213340496455
appenzell,5,6.332213340496455
squab,5,6.332213340496455
sqinch,5,6.332213340496455
spritzer,5,6.332213340496455
springgreen,5,6.332213340496455
spirit,5,6.332213340496455
spareshort,5,6.332213340496455
spaghettilinguini,5,6.332213340496455
spaghettibox,5,6.332213340496455
soymilk,5,6.332213340496455
sorghum,5,6.332213340496455
sompu,5,6.332213340496455
somen,5,6.332213340496455
solution,5,6.332213340496455
artischockenherzen,5,6.332213340496455
softenslowlyfoodprocessor,5,6.332213340496455
soffritto,5,6.332213340496455
smoky,5,6.332213340496455
sri,5,6.332213340496455
ssäm,5,6.332213340496455
argo,5,6.332213340496455
strandskesar,5,6.332213340496455
tablespoonstandoori,5,6.332213340496455
tablespoonchoppe,5,6.332213340496455
tablepoon,5,6.332213340496455
sultanas,5,6.332213340496455
sub,5,6.332213340496455
stud,5,6.332213340496455
stromboli,5,6.332213340496455
stracchino,5,6.332213340496455
staudensellerie,5,6.332213340496455
stonewall,5,6.332213340496455
stonemill,5,6.332213340496455
stock,5,6.332213340496455
stir,5,6.332213340496455
sticky,5,6.332213340496455
steinbuttfilet,5,6.332213340496455
stckige,5,6.332213340496455
tradizionale,5,6.332213340496455
tray,5,6.332213340496455
tropicana,5,6.332213340496455
waterdilute,5,6.332213340496455
witout,5,6.332213340496455
withwithout,5,6.332213340496455
ajwaincarom,5,6.332213340496455
wildflower,5,6.332213340496455
width,5,6.332213340496455
wholly,5,6.332213340496455
wholegrain,5,6.332213340496455
alabama,5,6.332213340496455
whiteyellow,5,6.332213340496455
alaska,5,6.332213340496455
alderwood,5,6.332213340496455
whichever,5,6.332213340496455
wesson,5,6.332213340496455
wenig,5,6.332213340496455
weißbrot,5,6.332213340496455
weintrauben,5,6.332213340496455
weikohl,5,6.332213340496455
wondra,5,6.332213340496455
woodear,5,6.332213340496455
worcestershsire,5,6.332213340496455
zebra,5,6.332213340496455
zum,5,6.332213340496455
accompaniement,5,6.332213340496455
zitronenspalten,5,6.332213340496455
act,5,6.332213340496455
adobe,5,6.332213340496455
zitronenecken,5,6.332213340496455
adzuki,5,6.332213340496455
agavehoney,5,6.332213340496455
wurzeln,5,6.332213340496455
ahi,5,6.332213340496455
yuengling,5,6.332213340496455
yogurtdahi,5,6.332213340496455
yogurtcurddahi,5,6.332213340496455
yee,5,6.332213340496455
yankee,5,6.332213340496455
yacai,5,6.332213340496455
waxy,5,6.332213340496455
waterbroth,5,6.332213340496455
trumpet,5,6.332213340496455
watcher,5,6.332213340496455
uniq,5,6.332213340496455
uncured,5,6.332213340496455
uncheckeddairy,5,6.332213340496455
ananas,5,6.332213340496455
umeboshi,5,6.332213340496455
two,5,6.332213340496455
twelve,5,6.332213340496455
tvp,5,6.332213340496455
tuvar,5,6.332213340496455
tuttorosa,5,6.332213340496455
tuscandinosaurlacinato,5,6.332213340496455
anardana,5,6.332213340496455
tte,5,6.332213340496455
tspshrimp,5,6.332213340496455
tspoon,5,6.332213340496455
tspmeat,5,6.332213340496455
tsb,5,6.332213340496455
unseasoned,5,6.332213340496455
unsifte,5,6.332213340496455
amatriciana,5,6.332213340496455
veri,5,6.332213340496455
want,5,6.332213340496455
alligator,5,6.332213340496455
waldpilzfond,5,6.332213340496455
wagyu,5,6.332213340496455
aloopotato,5,6.332213340496455
viel,5,6.332213340496455
verju,5,6.332213340496455
velvete,5,6.332213340496455
unsweetene,5,6.332213340496455
alternately,5,6.332213340496455
vegetableyoghurt,5,6.332213340496455
vege,5,6.332213340496455
valleynapahomemademezzetta,5,6.332213340496455
usemorningsmoothie,5,6.332213340496455
uselotdish,5,6.332213340496455
usa,5,6.332213340496455
slicedchoppe,5,6.332213340496455
skirtflank,5,6.332213340496455
peakfection,5,6.332213340496455
rancho,5,6.332213340496455
ramekin,5,6.332213340496455
ramanricenest,5,6.332213340496455
raghavan,5,6.332213340496455
rag,5,6.332213340496455
rachael,5,6.332213340496455
rabbit,5,6.332213340496455
quito,5,6.332213340496455
quesadilla,5,6.332213340496455
quatre,5,6.332213340496455
quantity,5,6.332213340496455
quaker,5,6.332213340496455
balkan,5,6.332213340496455
ballpark,5,6.332213340496455
puya,5,6.332213340496455
putensalami,5,6.332213340496455
putenbrust,5,6.332213340496455
pured,5,6.332213340496455
rana,5,6.332213340496455
rao,5,6.332213340496455
skippy,5,6.332213340496455
baldo,5,6.332213340496455
robert,5,6.332213340496455
rio,5,6.332213340496455
baharat,5,6.332213340496455
rinderhackfleisch,5,6.332213340496455
ricenakano,5,6.332213340496455
ricemung,5,6.332213340496455
rib,5,6.332213340496455
restaurant,5,6.332213340496455
rest,5,6.332213340496455
refine,5,6.332213340496455
refer,5,6.332213340496455
redorangeyellowgreen,5,6.332213340496455
redorange,5,6.332213340496455
recommend,5,6.332213340496455
bakje,5,6.332213340496455
rayu,5,6.332213340496455
ratatouille,5,6.332213340496455
punch,5,6.332213340496455
pumpernickel,5,6.332213340496455
pullman,5,6.332213340496455
pulao,5,6.332213340496455
pilsner,5,6.332213340496455
pilpelchum,5,6.332213340496455
pili,5,6.332213340496455
pilau,5,6.332213340496455
pickling,5,6.332213340496455
phyllo,5,6.332213340496455
pheasant,5,6.332213340496455
pfifferlinge,5,6.332213340496455
peter,5,6.332213340496455
barramundi,5,6.332213340496455
girolles,5,6.332213340496455
peperoni,5,6.332213340496455
peperonata,5,6.332213340496455
pennsylvania,5,6.332213340496455
pencil,5,6.332213340496455
pekin,5,6.332213340496455
peasmatar,5,6.332213340496455
pimentn,5,6.332213340496455
pinchecrack,5,6.332213340496455
pipe,5,6.332213340496455
posole,5,6.332213340496455
provolonekäse,5,6.332213340496455
provenale,5,6.332213340496455
proscuitto,5,6.332213340496455
preference,5,6.332213340496455
prawns,5,6.332213340496455
balti,5,6.332213340496455
powder,5,6.332213340496455
bambussprosse,5,6.332213340496455
pitta,5,6.332213340496455
porksausage,5,6.332213340496455
poppyyogurt,5,6.332213340496455
pompano,5,6.332213340496455
pomfret,5,6.332213340496455
baobab,5,6.332213340496455
poblando,5,6.332213340496455
pkglarge,5,6.332213340496455
robin,5,6.332213340496455
rogan,5,6.332213340496455
romain,5,6.332213340496455
schweinelende,5,6.332213340496455
shah,5,6.332213340496455
seville,5,6.332213340496455
sesametoasthttpbeefbasilricecurryminute,5,6.332213340496455
assemble,5,6.332213340496455
servericesteam,5,6.332213340496455
athens,5,6.332213340496455
separator,5,6.332213340496455
atsa,5,6.332213340496455
selleriestange,5,6.332213340496455
sekt,5,6.332213340496455
atta,5,6.332213340496455
second,5,6.332213340496455
au,5,6.332213340496455
seasame,5,6.332213340496455
sealord,5,6.332213340496455
aubergineeggplant,5,6.332213340496455
seacoursecrack,5,6.332213340496455
shahjeeracaraway,5,6.332213340496455
shallotsscallion,5,6.332213340496455
shao,5,6.332213340496455
shreddedjulienne,5,6.332213340496455
skilletful,5,6.332213340496455
skate,5,6.332213340496455
sizebite,5,6.332213340496455
sister,5,6.332213340496455
sirlion,5,6.332213340496455
siracha,5,6.332213340496455
sieve,5,6.332213340496455
asagna,5,6.332213340496455
shark,5,6.332213340496455
shoulderbeef,5,6.332213340496455
shot,5,6.332213340496455
shortgrain,5,6.332213340496455
shoepeg,5,6.332213340496455
shiso,5,6.332213340496455
shi,5,6.332213340496455
sharp,5,6.332213340496455
seabass,5,6.332213340496455
schweinefleisch,5,6.332213340496455
rooster,5,6.332213340496455
schweinefilet,5,6.332213340496455
santa,5,6.332213340496455
azteca,5,6.332213340496455
sambaar,5,6.332213340496455
salzwasser,5,6.332213340496455
salmoriglio,5,6.332213340496455
salbeiblätter,5,6.332213340496455
saga,5,6.332213340496455
sadaf,5,6.332213340496455
sabra,5,6.332213340496455
rèmoulade,5,6.332213340496455
aïoli,5,6.332213340496455
räucherlachs,5,6.332213340496455
runner,5,6.332213340496455
roux,5,6.332213340496455
baci,5,6.332213340496455
rosmarinzweig,5,6.332213340496455
rosenpaprika,5,6.332213340496455
sartori,5,6.332213340496455
satay,5,6.332213340496455
satl,5,6.332213340496455
schimmelkäse,5,6.332213340496455
schuss,5,6.332213340496455
ausgelster,5,6.332213340496455
austernpilze,5,6.332213340496455
schmelzkäse,5,6.332213340496455
austernsauce,5,6.332213340496455
schinkenwürste,5,6.332213340496455
schinkenfett,5,6.332213340496455
schezuan,5,6.332213340496455
satsuma,5,6.332213340496455
scheibe,5,6.332213340496455
scallionsspring,5,6.332213340496455
scallionsspre,5,6.332213340496455
sazon,5,6.332213340496455
saving,5,6.332213340496455
save,5,6.332213340496455
sauce,5,6.332213340496455
glace,5,6.332213340496455
meican,5,6.332213340496455
cuppesto,5,6.332213340496455
degi,5,6.332213340496455
butterflie,5,6.332213340496455
cupserrano,5,6.332213340496455
cupswheat,5,6.332213340496455
cupswinter,5,6.332213340496455
curdplain,5,6.332213340496455
currysutra,5,6.332213340496455
daiya,5,6.332213340496455
dakota,5,6.332213340496455
dal,5,6.332213340496455
debole,5,6.332213340496455
gallo,5,6.332213340496455
butt,5,6.332213340496455
bush,5,6.332213340496455
depend,5,6.332213340496455
cupe,5,6.332213340496455
desecrate,5,6.332213340496455
deseede,5,6.332213340496455
desiree,5,6.332213340496455
brim,5,6.332213340496455
di,5,6.332213340496455
dicedslice,5,6.332213340496455
burrata,5,6.332213340496455
dilute,5,6.332213340496455
disc,5,6.332213340496455
discos,5,6.332213340496455
diver,5,6.332213340496455
donnie,5,6.332213340496455
dorito,5,6.332213340496455
buttergheeoil,5,6.332213340496455
cummin,5,6.332213340496455
double,5,6.332213340496455
cove,5,6.332213340496455
corianderspring,5,6.332213340496455
coriendar,5,6.332213340496455
cornchipotlehttpcheese,5,6.332213340496455
gehufte,5,6.332213340496455
gehackte,5,6.332213340496455
corona,5,6.332213340496455
geh,5,6.332213340496455
geflügelleber,5,6.332213340496455
cotijia,5,6.332213340496455
geflügelfond,5,6.332213340496455
france,5,6.332213340496455
count,5,6.332213340496455
gebhardt,5,6.332213340496455
garnishesside,5,6.332213340496455
cuminsabut,5,6.332213340496455
cp,5,6.332213340496455
butteroil,5,6.332213340496455
garnishesadd,5,6.332213340496455
crank,5,6.332213340496455
crayfish,5,6.332213340496455
cream,5,6.332213340496455
buttermargarine,5,6.332213340496455
creamgreek,5,6.332213340496455
crispy,5,6.332213340496455
crockpot,5,6.332213340496455
crown,5,6.332213340496455
cslink,5,6.332213340496455
cucina,5,6.332213340496455
dory,5,6.332213340496455
bunte,5,6.332213340496455
coors,5,6.332213340496455
flat,5,6.332213340496455
favoritechipotle,5,6.332213340496455
fein,5,6.332213340496455
fennelsaunf,5,6.332213340496455
ferry,5,6.332213340496455
fertigmischung,5,6.332213340496455
festkochende,5,6.332213340496455
file,5,6.332213340496455
filets,5,6.332213340496455
frischer,5,6.332213340496455
filo,5,6.332213340496455
fresnojalapeno,5,6.332213340496455
finish,5,6.332213340496455
fior,5,6.332213340496455
flatbread,5,6.332213340496455
fairytale,5,6.332213340496455
fleischmann,5,6.332213340496455
brothwet,5,6.332213340496455
fleischtomate,5,6.332213340496455
fleischtomaten,5,6.332213340496455
florida,5,6.332213340496455
flow,5,6.332213340496455
flowerdagad,5,6.332213340496455
free,5,6.332213340496455
frech,5,6.332213340496455
fo,5,6.332213340496455
focaccia,5,6.332213340496455
foccacia,5,6.332213340496455
forget,5,6.332213340496455
favorite,5,6.332213340496455
fairly,5,6.332213340496455
draw,5,6.332213340496455
eggpotato,5,6.332213340496455
drick,5,6.332213340496455
drip,5,6.332213340496455
dripping,5,6.332213340496455
frühstückspeck,5,6.332213340496455
dum,5,6.332213340496455
durban,5,6.332213340496455
durum,5,6.332213340496455
dust,5,6.332213340496455
duty,5,6.332213340496455
earth,5,6.332213340496455
edith,5,6.332213340496455
eetlepels,5,6.332213340496455
eggdough,5,6.332213340496455
frozenfresh,5,6.332213340496455
ezekiel,5,6.332213340496455
eggroll,5,6.332213340496455
bulla,5,6.332213340496455
elachi,5,6.332213340496455
eleanora,5,6.332213340496455
eloder,5,6.332213340496455
emmentaler,5,6.332213340496455
emmenthal,5,6.332213340496455
empanada,5,6.332213340496455
ener,5,6.332213340496455
frog,5,6.332213340496455
engine,5,6.332213340496455
enrich,5,6.332213340496455
equivalent,5,6.332213340496455
corianderhara,5,6.332213340496455
geflügelbrühe,5,6.332213340496455
cookedsteame,5,6.332213340496455
chickenveggie,5,6.332213340496455
cesare,5,6.332213340496455
charcoal,5,6.332213340496455
gewrzmischung,5,6.332213340496455
cheddarpepper,5,6.332213340496455
gewelde,5,6.332213340496455
cheesesausage,5,6.332213340496455
cheeseshave,5,6.332213340496455
chef,5,6.332213340496455
cherchie,5,6.332213340496455
chianti,5,6.332213340496455
getr,5,6.332213340496455
chicharrone,5,6.332213340496455
chickpeaskabuli,5,6.332213340496455
cellentani,5,6.332213340496455
chile,5,6.332213340496455
chilicayenne,5,6.332213340496455
chilies,5,6.332213340496455
breed,5,6.332213340496455
geschlte,5,6.332213340496455
cactus,5,6.332213340496455
gerucherter,5,6.332213340496455
chilisoe,5,6.332213340496455
breite,5,6.332213340496455
chinakohl,5,6.332213340496455
chipolini,5,6.332213340496455
chipolte,5,6.332213340496455
cervasi,5,6.332213340496455
cedar,5,6.332213340496455
chole,5,6.332213340496455
cardamomchoti,5,6.332213340496455
gingerginger,5,6.332213340496455
candle,5,6.332213340496455
canolacookingtbspsvegetable,5,6.332213340496455
canolacookingvegetable,5,6.332213340496455
canolacorn,5,6.332213340496455
canolaexpeller,5,6.332213340496455
canolause,5,6.332213340496455
canwhole,5,6.332213340496455
capocollo,5,6.332213340496455
caramelise,5,6.332213340496455
cardamombadi,5,6.332213340496455
gingely,5,6.332213340496455
cardamomelaichi,5,6.332213340496455
cayennered,5,6.332213340496455
carolina,5,6.332213340496455
carom,5,6.332213340496455
casa,5,6.332213340496455
cashewsalmond,5,6.332213340496455
casserole,5,6.332213340496455
cassoulet,5,6.332213340496455
caldo,5,6.332213340496455
catsup,5,6.332213340496455
cattleman,5,6.332213340496455
caul,5,6.332213340496455
brechbohnen,5,6.332213340496455
cavolo,5,6.332213340496455
chobani,5,6.332213340496455
cafe,5,6.332213340496455
claw,5,6.332213340496455
cirio,5,6.332213340496455
clamato,5,6.332213340496455
clarifycooking,5,6.332213340496455
cachere,5,6.332213340496455
gemsebrhe,5,6.332213340496455
clovess,5,6.332213340496455
cms,5,6.332213340496455
coarsecrack,5,6.332213340496455
coarsley,5,6.332213340496455
béarnaise,5,6.332213340496455
coconutml,5,6.332213340496455
codfish,5,6.332213340496455
coin,5,6.332213340496455
colbyjack,5,6.332213340496455
cole,5,6.332213340496455
coleman,5,6.332213340496455
gemellirigatepenne,5,6.332213340496455
coley,5,6.332213340496455
combine,5,6.332213340496455
come,5,6.332213340496455
by,5,6.332213340496455
comte,5,6.332213340496455
conchiglie,5,6.332213340496455
cone,5,6.332213340496455
buttom,5,6.332213340496455
brick,5,6.332213340496455
gelbe,5,6.332213340496455
confitporkbroth,5,6.332213340496455
cabbageandorcilantrogrategarnish,5,6.332213340496455
fragrant,5,6.332213340496455
chourico,5,6.332213340496455
cilantrofresh,5,6.332213340496455
gemüsefond,5,6.332213340496455
cabernet,5,6.332213340496455
geraspelte,5,6.332213340496455
cabot,5,6.332213340496455
chopstick,5,6.332213340496455
genovese,5,6.332213340496455
chuka,5,6.332213340496455
choppedshredde,5,6.332213340496455
choppedbaby,5,6.332213340496455
chub,5,6.332213340496455
chris,5,6.332213340496455
cabbagequartere,5,6.332213340496455
birnen,8,5.86220971125072
lemonade,8,5.86220971125072
daisy,8,5.86220971125072
tangelo,8,5.86220971125072
pebble,8,5.86220971125072
comice,8,5.86220971125072
comt,8,5.86220971125072
pion,8,5.86220971125072
dickmilch,8,5.86220971125072
buttercream,8,5.86220971125072
superpremium,8,5.86220971125072
corncob,8,5.86220971125072
yield,8,5.86220971125072
rip,8,5.86220971125072
streusel,8,5.86220971125072
zabaglione,8,5.86220971125072
kumara,8,5.86220971125072
canellini,8,5.86220971125072
kombu,8,5.86220971125072
kokos,8,5.86220971125072
acini,8,5.86220971125072
kirschwasser,8,5.86220971125072
limoncello,8,5.86220971125072
vier,8,5.86220971125072
doppelrahm,8,5.86220971125072
crudite,8,5.86220971125072
tia,8,5.86220971125072
nabisco,8,5.86220971125072
neufchatel,8,5.86220971125072
pluot,8,5.86220971125072
cherrie,8,5.86220971125072
tintenfisch,8,5.86220971125072
andes,8,5.86220971125072
tom,8,5.86220971125072
popsicle,8,5.86220971125072
bulghur,8,5.86220971125072
chamomile,8,5.86220971125072
cherrystone,8,5.86220971125072
mocha,8,5.86220971125072
lovage,8,5.86220971125072
unbleache,8,5.86220971125072
dulce,8,5.86220971125072
nonpareil,8,5.86220971125072
cups,8,5.86220971125072
erythritol,8,5.86220971125072
marzetti,8,5.86220971125072
amarettini,8,5.86220971125072
amaretti,8,5.86220971125072
rosewater,8,5.86220971125072
alphabet,8,5.86220971125072
pippin,8,5.86220971125072
waffle,8,5.86220971125072
demerara,8,5.86220971125072
latte,8,5.86220971125072
kahlúa,8,5.86220971125072
gingerbread,8,5.86220971125072
hand,8,5.86220971125072
grenadine,8,5.86220971125072
fromage,8,5.86220971125072
gem,8,5.86220971125072
huckleberry,8,5.86220971125072
gestrichener,8,5.86220971125072
himbeeren,8,5.86220971125072
magere,9,5.744426675594336
choi,9,5.744426675594336
radishe,9,5.744426675594336
leber,9,5.744426675594336
berg,9,5.744426675594336
md,9,5.744426675594336
mche,9,5.744426675594336
anchostem,9,5.744426675594336
putenschnitzel,9,5.744426675594336
toovar,9,5.744426675594336
shoyu,9,5.744426675594336
lemons,9,5.744426675594336
pepepr,9,5.744426675594336
extra,9,5.744426675594336
thunfisch,9,5.744426675594336
pepperocini,9,5.744426675594336
smooth,9,5.744426675594336
cabanossi,9,5.744426675594336
fisch,9,5.744426675594336
calamansi,9,5.744426675594336
töpfe,9,5.744426675594336
und,9,5.744426675594336
rbol,9,5.744426675594336
japones,9,5.744426675594336
tüten,9,5.744426675594336
makrut,9,5.744426675594336
sesam,9,5.744426675594336
cha,9,5.744426675594336
tspthai,9,5.744426675594336
lauch,9,5.744426675594336
chachere,9,5.744426675594336
fischsauce,9,5.744426675594336
anasazi,9,5.744426675594336
tuben,9,5.744426675594336
tten,9,5.744426675594336
honeycrisp,9,5.744426675594336
premium,9,5.744426675594336
getrockneter,9,5.744426675594336
taro,9,5.744426675594336
gulf,9,5.744426675594336
spargel,9,5.744426675594336
porree,9,5.744426675594336
spectrum,9,5.744426675594336
stange,9,5.744426675594336
nappa,9,5.744426675594336
junger,9,5.744426675594336
cupml,9,5.744426675594336
pizzateig,9,5.744426675594336
nelke,9,5.744426675594336
applecider,9,5.744426675594336
tablespoon,9,5.744426675594336
big,9,5.744426675594336
große,9,5.744426675594336
pimiento,9,5.744426675594336
soybean,9,5.744426675594336
jam,9,5.744426675594336
stilton,9,5.744426675594336
fenchel,9,5.744426675594336
kakaopulver,9,5.744426675594336
gewürznelken,9,5.744426675594336
extralarge,9,5.744426675594336
pierre,9,5.744426675594336
chevre,9,5.744426675594336
linsen,9,5.744426675594336
teaspon,9,5.744426675594336
poussin,9,5.744426675594336
gurke,9,5.744426675594336
arge,9,5.744426675594336
jalepeno,9,5.744426675594336
sour,9,5.744426675594336
teaspooon,9,5.744426675594336
arthur,9,5.744426675594336
medjool,9,5.744426675594336
bleu,9,5.744426675594336
boiler,9,5.744426675594336
yard,9,5.744426675594336
gläser,9,5.744426675594336
knife,9,5.744426675594336
panela,9,5.744426675594336
xl,9,5.744426675594336
riesling,9,5.744426675594336
option,9,5.744426675594336
worchestire,9,5.744426675594336
mirliton,9,5.744426675594336
fregula,9,5.744426675594336
saucenbinder,9,5.744426675594336
cara,9,5.744426675594336
wirse,9,5.744426675594336
wildfond,9,5.744426675594336
partially,9,5.744426675594336
orangen,9,5.744426675594336
jelly,9,5.744426675594336
eisbergsalat,9,5.744426675594336
rindergulasch,9,5.744426675594336
kchenfertiger,9,5.744426675594336
campanelle,9,5.744426675594336
keule,9,5.744426675594336
cornbreadbuttermilkreservecucumber,9,5.744426675594336
gekhltes,9,5.744426675594336
gekochte,9,5.744426675594336
rotweinessig,9,5.744426675594336
blackstrap,9,5.744426675594336
ozg,9,5.744426675594336
dinosaur,9,5.744426675594336
yuzus,9,5.744426675594336
info,9,5.744426675594336
orechiette,9,5.744426675594336
salatgurke,9,5.744426675594336
ale,9,5.744426675594336
brothier,9,5.744426675594336
virginia,9,5.744426675594336
equipment,9,5.744426675594336
schweinenacken,9,5.744426675594336
walnussgroes,9,5.744426675594336
seckel,9,5.744426675594336
harricot,9,5.744426675594336
pd,9,5.744426675594336
kse,9,5.744426675594336
hart,9,5.744426675594336
lachsfilet,9,5.744426675594336
good,9,5.744426675594336
bunter,9,5.744426675594336
cockle,9,5.744426675594336
mezzetta,9,5.744426675594336
kaninchen,9,5.744426675594336
scott,9,5.744426675594336
weizenmehl,9,5.744426675594336
dowel,9,5.744426675594336
sprossen,10,5.63906615993651
guinness,10,5.63906615993651
arhar,10,5.63906615993651
shaan,10,5.63906615993651
hong,10,5.63906615993651
sachet,10,5.63906615993651
mortarinchpestle,10,5.63906615993651
squirt,10,5.63906615993651
rinderfilet,10,5.63906615993651
colour,10,5.63906615993651
cholula,10,5.63906615993651
béchamel,10,5.63906615993651
srirachaasian,10,5.63906615993651
bakery,10,5.63906615993651
ea,10,5.63906615993651
nasoya,10,5.63906615993651
stand,10,5.63906615993651
methi,10,5.63906615993651
ramp,10,5.63906615993651
montreal,10,5.63906615993651
boboli,10,5.63906615993651
chironji,10,5.63906615993651
rbolde,10,5.63906615993651
chiptole,10,5.63906615993651
broil,10,5.63906615993651
coco,10,5.63906615993651
saltpepper,10,5.63906615993651
moisture,10,5.63906615993651
reduction,10,5.63906615993651
branch,10,5.63906615993651
shortcut,10,5.63906615993651
cipollini,10,5.63906615993651
bob,10,5.63906615993651
matzo,10,5.63906615993651
smithfield,10,5.63906615993651
pureed,10,5.63906615993651
combination,10,5.63906615993651
gemelli,10,5.63906615993651
refrigerated,10,5.63906615993651
avacado,10,5.63906615993651
render,10,5.63906615993651
powdercayenne,10,5.63906615993651
cloves,10,5.63906615993651
estragon,10,5.63906615993651
mountain,10,5.63906615993651
avocadoe,10,5.63906615993651
rajmare,10,5.63906615993651
extrasharp,10,5.63906615993651
fritos,10,5.63906615993651
sopressata,10,5.63906615993651
sambar,10,5.63906615993651
cloveslaung,10,5.63906615993651
beurre,10,5.63906615993651
schweineschnitzel,10,5.63906615993651
spam,10,5.63906615993651
scallionsgreen,10,5.63906615993651
beutel,10,5.63906615993651
sojasprossen,10,5.63906615993651
boat,10,5.63906615993651
chinesische,10,5.63906615993651
las,10,5.63906615993651
goose,10,5.63906615993651
flounder,10,5.63906615993651
gheebutter,10,5.63906615993651
calf,10,5.63906615993651
peas,10,5.63906615993651
catch,10,5.63906615993651
vegetablecanolasunflower,10,5.63906615993651
unsulphure,10,5.63906615993651
amchoor,10,5.63906615993651
amchur,10,5.63906615993651
bayleave,10,5.63906615993651
tüte,10,5.63906615993651
kansas,10,5.63906615993651
lasagne,10,5.63906615993651
ceyenne,10,5.63906615993651
flageolet,10,5.63906615993651
lauchzwiebeln,10,5.63906615993651
pebre,10,5.63906615993651
stubb,10,5.63906615993651
tso,10,5.63906615993651
ts,10,5.63906615993651
chapati,10,5.63906615993651
anchopasilla,10,5.63906615993651
cuttlefish,10,5.63906615993651
hühnerbrüste,10,5.63906615993651
cashewnut,10,5.63906615993651
tortillas,10,5.63906615993651
xiao,10,5.63906615993651
campari,10,5.63906615993651
brtchen,10,5.63906615993651
ozcan,10,5.63906615993651
kglb,10,5.63906615993651
ozfinely,10,5.63906615993651
ozunsweetene,10,5.63906615993651
yolk,10,5.63906615993651
globe,10,5.63906615993651
panang,10,5.63906615993651
aioli,10,5.63906615993651
bolognese,10,5.63906615993651
knoblauchzwiebel,10,5.63906615993651
watercooking,10,5.63906615993651
parsely,10,5.63906615993651
kohlrabi,10,5.63906615993651
onionsscallion,10,5.63906615993651
capsicumgreen,10,5.63906615993651
kokum,10,5.63906615993651
foie,10,5.63906615993651
giardiniera,10,5.63906615993651
korma,10,5.63906615993651
deep,10,5.63906615993651
gheeoil,10,5.63906615993651
dr,10,5.63906615993651
touch,10,5.63906615993651
tsp,10,5.63906615993651
lemonlime,10,5.63906615993651
nos,10,5.63906615993651
teasp,10,5.63906615993651
piloncillo,10,5.63906615993651
hähnchenkeulen,10,5.63906615993651
bulbs,10,5.63906615993651
fiber,10,5.63906615993651
louis,10,5.63906615993651
fettucini,10,5.63906615993651
tater,10,5.63906615993651
fettuccini,10,5.63906615993651
cup,10,5.63906615993651
frying,10,5.63906615993651
tablespooon,10,5.63906615993651
negro,10,5.63906615993651
tabelspoon,10,5.63906615993651
garma,10,5.63906615993651
sushi,10,5.63906615993651
maggi,10,5.63906615993651
cuminjeera,10,5.63906615993651
point,10,5.63906615993651
pomodoro,10,5.63906615993651
substitute,10,5.63906615993651
stück,10,5.63906615993651
maisgrieß,10,5.63906615993651
nori,10,5.63906615993651
annatto,10,5.63906615993651
note,10,5.63906615993651
perciatelli,10,5.63906615993651
grassfed,10,5.63906615993651
cheddarjack,10,5.63906615993651
peperoncino,10,5.63906615993651
pepperjack,10,5.63906615993651
cheddarmonterey,10,5.63906615993651
cajita,10,5.63906615993651
chick,10,5.63906615993651
ital,10,5.63906615993651
dreamfield,10,5.63906615993651
greenserrano,10,5.63906615993651
tej,10,5.63906615993651
grieß,10,5.63906615993651
cherrytomate,10,5.63906615993651
pigeon,10,5.63906615993651
desire,12,5.456744603142555
challah,12,5.456744603142555
frangipane,12,5.456744603142555
measure,12,5.456744603142555
shortbread,12,5.456744603142555
microgreen,12,5.456744603142555
für,12,5.456744603142555
glasnudeln,12,5.456744603142555
matcha,12,5.456744603142555
tspn,12,5.456744603142555
enoki,12,5.456744603142555
chicory,12,5.456744603142555
smallmedium,12,5.456744603142555
grissinistangen,12,5.456744603142555
armagnac,12,5.456744603142555
gin,12,5.456744603142555
reeses,12,5.456744603142555
cointreau,12,5.456744603142555
limeade,12,5.456744603142555
breyer,12,5.456744603142555
kumquat,12,5.456744603142555
poppyseed,13,5.376701895469019
hull,13,5.376701895469019
dl,13,5.376701895469019
ponzu,13,5.376701895469019
cubanelle,13,5.376701895469019
diamond,13,5.376701895469019
peasant,13,5.376701895469019
piecrust,13,5.376701895469019
dish,13,5.376701895469019
jif,13,5.376701895469019
grouper,13,5.376701895469019
catalina,13,5.376701895469019
lt,13,5.376701895469019
shanghai,13,5.376701895469019
roasted,13,5.376701895469019
knollen,13,5.376701895469019
teapsoon,13,5.376701895469019
kaffee,13,5.376701895469019
coat,13,5.376701895469019
kiwi,13,5.376701895469019
sockeye,13,5.376701895469019
teardrop,13,5.376701895469019
unbehandelte,13,5.376701895469019
xanthan,13,5.376701895469019
weiche,13,5.376701895469019
chai,13,5.376701895469019
spinat,13,5.376701895469019
kahlua,13,5.376701895469019
cannelini,13,5.376701895469019
frac,13,5.376701895469019
mizuna,13,5.376701895469019
soppressata,13,5.376701895469019
chayote,13,5.376701895469019
live,13,5.376701895469019
lily,13,5.376701895469019
rouille,13,5.376701895469019
room,13,5.376701895469019
stevia,14,5.302593923315297
sultana,14,5.302593923315297
pasilla,14,5.302593923315297
kreuzkümmel,14,5.302593923315297
rapini,14,5.302593923315297
frischkäse,14,5.302593923315297
wash,14,5.302593923315297
dungeness,14,5.302593923315297
anna,14,5.302593923315297
bundle,14,5.302593923315297
carnaroli,14,5.302593923315297
piment,14,5.302593923315297
teaspoon,14,5.302593923315297
oderel,14,5.302593923315297
filter,14,5.302593923315297
cure,14,5.302593923315297
brothvegetable,14,5.302593923315297
idea,14,5.302593923315297
potatoe,14,5.302593923315297
bow,14,5.302593923315297
yam,14,5.302593923315297
campbell,14,5.302593923315297
moong,14,5.302593923315297
kchenfertige,14,5.302593923315297
einige,14,5.302593923315297
hide,14,5.302593923315297
sauerkraut,14,5.302593923315297
havarti,14,5.302593923315297
dole,14,5.302593923315297
msp,14,5.302593923315297
franks,14,5.302593923315297
glug,14,5.302593923315297
kleines,14,5.302593923315297
frito,14,5.302593923315297
semmelbrösel,14,5.302593923315297
level,14,5.302593923315297
knoblauch,14,5.302593923315297
tomatensaft,14,5.302593923315297
ouncebroth,14,5.302593923315297
quail,14,5.302593923315297
brussel,14,5.302593923315297
chèvre,14,5.302593923315297
paprikapulver,14,5.302593923315297
garnieren,14,5.302593923315297
snap,14,5.302593923315297
butterhead,14,5.302593923315297
hühnerbrust,15,5.233601051828345
toulouse,15,5.233601051828345
zitronensaft,15,5.233601051828345
zinfandel,15,5.233601051828345
carne,15,5.233601051828345
paste,15,5.233601051828345
carnita,15,5.233601051828345
cannelloni,15,5.233601051828345
yogurtcurd,15,5.233601051828345
uncle,15,5.233601051828345
pc,15,5.233601051828345
defrost,15,5.233601051828345
veg,15,5.233601051828345
gheeclarifie,15,5.233601051828345
capellini,15,5.233601051828345
ro,15,5.233601051828345
tk,15,5.233601051828345
hang,15,5.233601051828345
haddock,15,5.233601051828345
skewer,15,5.233601051828345
classico,15,5.233601051828345
click,15,5.233601051828345
rajma,15,5.233601051828345
rapeseed,15,5.233601051828345
frank,15,5.233601051828345
razor,15,5.233601051828345
coca,15,5.233601051828345
portabello,15,5.233601051828345
gemischte,15,5.233601051828345
colavita,15,5.233601051828345
cornhusk,15,5.233601051828345
sardine,15,5.233601051828345
salbei,15,5.233601051828345
rump,15,5.233601051828345
rocket,15,5.233601051828345
hero,15,5.233601051828345
sofrito,15,5.233601051828345
spear,15,5.233601051828345
greenanaheim,15,5.233601051828345
tamale,15,5.233601051828345
thickly,15,5.233601051828345
curdyogurt,15,5.233601051828345
tempeh,15,5.233601051828345
chickenveg,15,5.233601051828345
hähnchenbrust,15,5.233601051828345
pimenton,15,5.233601051828345
chiffonade,15,5.233601051828345
tapenade,15,5.233601051828345
taleggio,15,5.233601051828345
spice,15,5.233601051828345
pkt,15,5.233601051828345
sweetcorn,15,5.233601051828345
suggest,15,5.233601051828345
suero,15,5.233601051828345
cacique,15,5.233601051828345
starch,15,5.233601051828345
st,15,5.233601051828345
spike,15,5.233601051828345
pinot,15,5.233601051828345
breakstone,15,5.233601051828345
mozzerella,15,5.233601051828345
ink,15,5.233601051828345
boar,15,5.233601051828345
maltose,15,5.233601051828345
massaman,15,5.233601051828345
mackerel,15,5.233601051828345
beluga,15,5.233601051828345
la,15,5.233601051828345
mortadella,15,5.233601051828345
oaxaca,15,5.233601051828345
mesquite,15,5.233601051828345
methifenugreek,15,5.233601051828345
elk,15,5.233601051828345
london,15,5.233601051828345
maui,15,5.233601051828345
brühe,15,5.233601051828345
besan,15,5.233601051828345
doubanjiang,15,5.233601051828345
lg,15,5.233601051828345
biryani,15,5.233601051828345
savoiardi,16,5.169062530690774
sponge,16,5.169062530690774
baker,16,5.169062530690774
saft,16,5.169062530690774
club,16,5.169062530690774
pop,16,5.169062530690774
papayas,16,5.169062530690774
frisee,16,5.169062530690774
magerquark,16,5.169062530690774
seltzer,16,5.169062530690774
nutella,16,5.169062530690774
chia,16,5.169062530690774
puderzucker,16,5.169062530690774
tricolor,17,5.10843790887434
saure,17,5.10843790887434
disk,17,5.10843790887434
tropfen,17,5.10843790887434
caramelize,17,5.10843790887434
citrus,17,5.10843790887434
de,17,5.10843790887434
bocconcini,17,5.10843790887434
concord,17,5.10843790887434
mache,17,5.10843790887434
unbleached,17,5.10843790887434
course,17,5.10843790887434
gooseberry,17,5.10843790887434
schmand,17,5.10843790887434
worchestershire,18,5.05127949503439
vom,18,5.05127949503439
weißkohl,18,5.05127949503439
cojita,18,5.05127949503439
choy,18,5.05127949503439
rauke,18,5.05127949503439
koriander,18,5.05127949503439
päckchen,18,5.05127949503439
salat,18,5.05127949503439
flaschen,18,5.05127949503439
tassen,18,5.05127949503439
koriandergrün,18,5.05127949503439
herbe,18,5.05127949503439
flesh,18,5.05127949503439
cilantrocoriander,18,5.05127949503439
kugel,18,5.05127949503439
gemüse,18,5.05127949503439
cocktail,18,5.05127949503439
zitronenschale,18,5.05127949503439
walla,18,5.05127949503439
in,18,5.05127949503439
tomatenpüree,18,5.05127949503439
kräuter,18,5.05127949503439
arbol,18,5.05127949503439
turtle,18,5.05127949503439
grass,18,5.05127949503439
leftover,18,5.05127949503439
buckwheat,18,5.05127949503439
tablet,18,5.05127949503439
gewürznelke,18,5.05127949503439
kugeln,18,5.05127949503439
pancake,18,5.05127949503439
kalbshaxe,18,5.05127949503439
packungen,19,4.997212273764115
confit,19,4.997212273764115
maldon,19,4.997212273764115
schalotten,19,4.997212273764115
prune,19,4.997212273764115
philadelphia,19,4.997212273764115
rotelle,19,4.997212273764115
chihuahua,19,4.997212273764115
oxtail,19,4.997212273764115
pompeian,19,4.997212273764115
petersilie,19,4.997212273764115
oak,19,4.997212273764115
curly,19,4.997212273764115
tawny,19,4.997212273764115
maiskölbchen,19,4.997212273764115
swanson,19,4.997212273764115
mrs,19,4.997212273764115
chilipulver,19,4.997212273764115
bouillon,19,4.997212273764115
harissa,19,4.997212273764115
lawry,19,4.997212273764115
dearbol,19,4.997212273764115
parmaschinken,19,4.997212273764115
glove,19,4.997212273764115
long,19,4.997212273764115
crostini,19,4.997212273764115
basket,19,4.997212273764115
tap,19,4.997212273764115
yuzu,19,4.997212273764115
bellino,19,4.997212273764115
cavatappi,19,4.997212273764115
gel,20,4.9459189793765646
braise,20,4.9459189793765646
hardwood,20,4.9459189793765646
tony,20,4.9459189793765646
shaoxing,20,4.9459189793765646
teapoon,20,4.9459189793765646
fiesta,20,4.9459189793765646
cashewnüsse,20,4.9459189793765646
medal,20,4.9459189793765646
cloveslavang,20,4.9459189793765646
bitter,20,4.9459189793765646
fresno,20,4.9459189793765646
sm,20,4.9459189793765646
alfalfa,20,4.9459189793765646
lardon,20,4.9459189793765646
tex,20,4.9459189793765646
nacho,20,4.9459189793765646
dnne,20,4.9459189793765646
ganache,20,4.9459189793765646
butterscotch,20,4.9459189793765646
spaghettini,20,4.9459189793765646
sumac,20,4.9459189793765646
prego,20,4.9459189793765646
getrocknete,20,4.9459189793765646
soya,20,4.9459189793765646
paprikaschoten,20,4.9459189793765646
pretzel,20,4.9459189793765646
grated,20,4.9459189793765646
toffee,20,4.9459189793765646
bengali,20,4.9459189793765646
maine,20,4.9459189793765646
imitation,21,4.897128815207132
borlotti,21,4.897128815207132
flower,21,4.897128815207132
sweetener,21,4.897128815207132
cranberrie,21,4.897128815207132
poach,21,4.897128815207132
whiskey,21,4.897128815207132
bing,21,4.897128815207132
lot,21,4.897128815207132
fingerle,22,4.85060879957224
ap,22,4.85060879957224
quince,22,4.85060879957224
rucola,22,4.85060879957224
string,22,4.85060879957224
kruter,22,4.85060879957224
nam,22,4.85060879957224
house,22,4.85060879957224
family,22,4.85060879957224
flax,22,4.85060879957224
butterschmalz,23,4.806157037001406
monkfish,23,4.806157037001406
dicke,23,4.806157037001406
fleur,23,4.806157037001406
rinderbrühe,23,4.806157037001406
breakfast,23,4.806157037001406
tbls,23,4.806157037001406
mangoe,23,4.806157037001406
chanterelle,23,4.806157037001406
bohnen,23,4.806157037001406
cayennepfeffer,23,4.806157037001406
daikon,23,4.806157037001406
fischfond,23,4.806157037001406
clementine,23,4.806157037001406
shaving,23,4.806157037001406
coriandercilantro,23,4.806157037001406
weißwein,23,4.806157037001406
nach,23,4.806157037001406
pilze,23,4.806157037001406
aniseed,23,4.806157037001406
part,23,4.806157037001406
wacholderbeeren,23,4.806157037001406
eat,23,4.806157037001406
char,24,4.76359742258261
preshredde,24,4.76359742258261
bowtie,24,4.76359742258261
ravioli,24,4.76359742258261
aleppo,24,4.76359742258261
ozs,24,4.76359742258261
smash,24,4.76359742258261
sprigs,24,4.76359742258261
madeira,24,4.76359742258261
skillet,24,4.76359742258261
bundtpfchen,24,4.76359742258261
marzipan,24,4.76359742258261
mazola,24,4.76359742258261
frisch,24,4.76359742258261
cacao,24,4.76359742258261
zuckerschote,24,4.76359742258261
seitan,24,4.76359742258261
need,24,4.76359742258261
kilogram,25,4.722775428062355
chana,25,4.722775428062355
york,25,4.722775428062355
bison,25,4.722775428062355
balsamico,25,4.722775428062355
adobochipotle,25,4.722775428062355
becher,25,4.722775428062355
morel,25,4.722775428062355
crisp,25,4.722775428062355
chinkiang,25,4.722775428062355
bass,25,4.722775428062355
condiment,25,4.722775428062355
fistful,25,4.722775428062355
persimmon,25,4.722775428062355
tart,25,4.722775428062355
loin,25,4.722775428062355
wax,25,4.722775428062355
pint,25,4.722775428062355
pouch,25,4.722775428062355
jaggery,25,4.722775428062355
meersalz,25,4.722775428062355
brownie,25,4.722775428062355
oilghee,25,4.722775428062355
hühnerbrühe,25,4.722775428062355
trockener,25,4.722775428062355
auberginen,25,4.722775428062355
meatloaf,25,4.722775428062355
tuscan,26,4.683554714909073
straw,26,4.683554714909073
frisée,26,4.683554714909073
lacinato,26,4.683554714909073
rutabaga,26,4.683554714909073
celeriac,26,4.683554714909073
core,26,4.683554714909073
forest,26,4.683554714909073
garnele,27,4.645814386926227
mafalda,27,4.645814386926227
pepperoncini,27,4.645814386926227
kopf,27,4.645814386926227
cornichon,27,4.645814386926227
rye,27,4.645814386926227
idaho,27,4.645814386926227
erdnüsse,27,4.645814386926227
rainbow,27,4.645814386926227
convert,28,4.609446742755352
sundrie,28,4.609446742755352
rotwein,28,4.609446742755352
pcs,28,4.609446742755352
chow,28,4.609446742755352
sparkle,28,4.609446742755352
parmesankäse,28,4.609446742755352
geriebene,28,4.609446742755352
grne,28,4.609446742755352
mayo,28,4.609446742755352
scotch,28,4.609446742755352
edels,28,4.609446742755352
epazote,28,4.609446742755352
prewashe,28,4.609446742755352
tiger,28,4.609446742755352
minute,28,4.609446742755352
ingwer,29,4.574355422944081
strawberrie,29,4.574355422944081
brisee,29,4.574355422944081
chilischoten,29,4.574355422944081
klare,29,4.574355422944081
masala,29,4.574355422944081
calamari,29,4.574355422944081
sargento,29,4.574355422944081
kartoffeln,29,4.574355422944081
peperoncini,29,4.574355422944081
topf,29,4.574355422944081
grating,29,4.574355422944081
asafoetidahe,29,4.574355422944081
picante,29,4.574355422944081
fuji,29,4.574355422944081
tbsps,29,4.574355422944081
homemade,29,4.574355422944081
melon,29,4.574355422944081
corriander,29,4.574355422944081
plantain,29,4.574355422944081
linguini,29,4.574355422944081
tomatenmark,29,4.574355422944081
emeril,30,4.5404538712684
reis,30,4.5404538712684
gekochter,30,4.5404538712684
chillies,30,4.5404538712684
udon,30,4.5404538712684
cashews,30,4.5404538712684
calvado,30,4.5404538712684
pam,30,4.5404538712684
passata,30,4.5404538712684
glb,30,4.5404538712684
groundnut,30,4.5404538712684
smucker,30,4.5404538712684
blade,30,4.5404538712684
percent,30,4.5404538712684
shoulder,30,4.5404538712684
husk,30,4.5404538712684
cmin,30,4.5404538712684
caribbean,30,4.5404538712684
risotto,30,4.5404538712684
pumpkinseed,30,4.5404538712684
abgeriebene,31,4.50766404844541
lima,31,4.50766404844541
paket,31,4.50766404844541
grey,31,4.50766404844541
bulgur,31,4.50766404844541
tightly,31,4.50766404844541
gruyère,32,4.475915350130829
trout,32,4.475915350130829
unflavored,32,4.475915350130829
löffelbiskuit,32,4.475915350130829
gemüsezwiebel,32,4.475915350130829
erbsen,32,4.475915350130829
erdbeeren,32,4.475915350130829
bandnudeln,32,4.475915350130829
filé,32,4.475915350130829
courgette,33,4.445143691464075
frühlingszwiebel,33,4.445143691464075
approximately,33,4.445143691464075
brie,33,4.445143691464075
dollop,33,4.445143691464075
sprout,33,4.445143691464075
cento,33,4.445143691464075
splenda,33,4.445143691464075
chilis,33,4.445143691464075
use,33,4.445143691464075
haas,33,4.445143691464075
vegan,33,4.445143691464075
portabella,33,4.445143691464075
goudakäse,33,4.445143691464075
seashell,34,4.415290728314394
tostada,34,4.415290728314394
finger,34,4.415290728314394
brokkoli,34,4.415290728314394
herdez,34,4.415290728314394
kecap,34,4.415290728314394
muffin,34,4.415290728314394
blatt,34,4.415290728314394
würfel,34,4.415290728314394
muenster,35,4.386303191441142
cardamon,35,4.386303191441142
toor,35,4.386303191441142
mahi,35,4.386303191441142
hen,35,4.386303191441142
lo,35,4.386303191441142
crepe,35,4.386303191441142
urad,35,4.386303191441142
grit,35,4.386303191441142
raita,35,4.386303191441142
achiote,35,4.386303191441142
arrowroot,35,4.386303191441142
crisco,35,4.386303191441142
frosting,36,4.358132314474446
garni,36,4.358132314474446
import,36,4.358132314474446
limette,36,4.358132314474446
oreo,36,4.358132314474446
wrfel,36,4.358132314474446
weier,37,4.330733340286331
fischfilet,37,4.330733340286331
jarred,37,4.330733340286331
cornbread,38,4.30406509320417
kleiner,38,4.30406509320417
date,38,4.30406509320417
spicy,38,4.30406509320417
island,39,4.278089606800909
require,39,4.278089606800909
cl,39,4.278089606800909
lean,39,4.278089606800909
dillweed,39,4.278089606800909
cola,40,4.252771798816619
ramen,40,4.252771798816619
swordfish,40,4.252771798816619
blanch,40,4.252771798816619
juniper,40,4.252771798816619
amaretto,40,4.252771798816619
pace,40,4.252771798816619
kewra,40,4.252771798816619
kirschtomate,40,4.252771798816619
roquefort,40,4.252771798816619
geriebener,40,4.252771798816619
pfefferkörner,41,4.228079186226248
tahini,41,4.228079186226248
cookie,41,4.228079186226248
pepita,41,4.228079186226248
pistachios,41,4.228079186226248
mittelgroße,41,4.228079186226248
kirschtomaten,41,4.228079186226248
approx,41,4.228079186226248
seacrack,42,4.203981634647187
flaxseed,42,4.203981634647187
genoa,42,4.203981634647187
lowfat,42,4.203981634647187
refrigerate,43,4.180451137236993
milliliter,43,4.180451137236993
orecchiette,43,4.180451137236993
pita,43,4.180451137236993
precook,43,4.180451137236993
gouda,43,4.180451137236993
lasagneplatte,44,4.157461619012294
shitake,44,4.157461619012294
bite,44,4.157461619012294
eye,44,4.157461619012294
tblsp,44,4.157461619012294
tortellini,44,4.157461619012294
hefe,45,4.134988763160235
curd,45,4.134988763160235
chaat,45,4.134988763160235
macadamia,46,4.113009856441461
masoor,46,4.113009856441461
schwarze,46,4.113009856441461
barley,47,4.091503651220497
karotte,47,4.091503651220497
mesclun,47,4.091503651220497
sardellenfilet,47,4.091503651220497
kielbasa,47,4.091503651220497
venison,48,4.070450242022664
dairy,48,4.070450242022664
anjou,48,4.070450242022664
pckchen,48,4.070450242022664
fusilli,48,4.070450242022664
collard,49,4.049830954819929
poultry,49,4.049830954819929
filet,49,4.049830954819929
rosmarin,49,4.049830954819929
mole,49,4.049830954819929
kl,49,4.049830954819929
cassia,50,4.029628247502409
lorbeerblätter,50,4.029628247502409
tangerine,50,4.029628247502409
kokosmilch,50,4.029628247502409
manila,50,4.029628247502409
kasoori,50,4.029628247502409
grana,50,4.029628247502409
saltine,50,4.029628247502409
mutton,50,4.029628247502409
tagliatelle,50,4.029628247502409
kirby,50,4.029628247502409
schinken,50,4.029628247502409
schwarzer,51,4.00982562020623
pernod,51,4.00982562020623
mash,51,4.00982562020623
oliven,51,4.00982562020623
speck,51,4.00982562020623
crock,51,4.00982562020623
ripen,51,4.00982562020623
knob,52,3.9904075343491283
nigella,52,3.9904075343491283
port,52,3.9904075343491283
fudge,52,3.9904075343491283
scallop,52,3.9904075343491283
manchego,53,3.9713593393784334
clarify,53,3.9713593393784334
diced,53,3.9713593393784334
balsamic,53,3.9713593393784334
snapper,53,3.9713593393784334
shake,53,3.9713593393784334
rote,53,3.9713593393784334
wasabi,53,3.9713593393784334
eier,53,3.9713593393784334
kiwifruit,54,3.9526672063662813
farfalle,54,3.9526672063662813
wonton,54,3.9526672063662813
fava,54,3.9526672063662813
lavender,54,3.9526672063662813
couple,54,3.9526672063662813
tapioca,55,3.9343180676980847
packung,55,3.9343180676980847
farro,55,3.9343180676980847
malt,55,3.9343180676980847
teriyaki,55,3.9343180676980847
catfish,55,3.9343180676980847
seafood,56,3.916299562195406
brioche,57,3.8985999850960056
rotini,57,3.8985999850960056
tub,57,3.8985999850960056
die,58,3.8812082423841363
möhren,59,3.864113809024836
eigelb,59,3.864113809024836
bartlett,59,3.864113809024836
day,59,3.864113809024836
crouton,59,3.864113809024836
cantaloupe,59,3.864113809024836
oatmeal,59,3.864113809024836
squid,60,3.847306690708455
je,60,3.847306690708455
tiefgefrorene,60,3.847306690708455
evtl,60,3.847306690708455
rindfleisch,60,3.847306690708455
thymian,60,3.847306690708455
alfredo,60,3.847306690708455
puff,61,3.8307773887572445
truffle,62,3.8145168678854637
chervil,62,3.8145168678854637
applesauce,62,3.8145168678854637
wein,62,3.8145168678854637
littleneck,62,3.8145168678854637
instant,63,3.798516526539023
zitrone,63,3.798516526539023
garbanzo,63,3.798516526539023
mittelgroe,63,3.798516526539023
marinate,63,3.798516526539023
stiele,63,3.798516526539023
bltter,64,3.7827681695708835
kartoffel,65,3.7672639830349186
sake,65,3.7672639830349186
gingersnap,65,3.7672639830349186
ferment,65,3.7672639830349186
buffalo,65,3.7672639830349186
stck,66,3.75199651090413
hähnchenbrustfilet,67,3.7369586335395892
fully,67,3.7369586335395892
sahne,67,3.7369586335395892
sweet,67,3.7369586335395892
peppermint,68,3.722143547754449
sand,68,3.722143547754449
brussels,69,3.707544748333296
gala,69,3.707544748333296
mgroe,69,3.707544748333296
barbeque,69,3.707544748333296
nectarine,69,3.707544748333296
ragu,70,3.6931560108811965
qts,70,3.6931560108811965
dog,70,3.6931560108811965
neck,71,3.67897137588924
pt,71,3.67897137588924
zwiebeln,71,3.67897137588924
grind,71,3.67897137588924
savoy,71,3.67897137588924
applewood,71,3.67897137588924
delallo,71,3.67897137588924
agave,71,3.67897137588924
stngel,72,3.6649851339145
raspberrie,72,3.6649851339145
liquior,72,3.6649851339145
haricot,72,3.6649851339145
lb,72,3.6649851339145
cornflake,73,3.6511918117821645
pck,73,3.6511918117821645
burrito,74,3.6375861597263857
goz,74,3.6375861597263857
bertolli,74,3.6375861597263857
blood,75,3.624163139394245
guanciale,75,3.624163139394245
madras,75,3.624163139394245
shahi,75,3.624163139394245
hackfleisch,75,3.624163139394245
marmalade,75,3.624163139394245
mung,76,3.6109179126442243
coarse,77,3.5978458310768717
uncooked,77,3.5978458310768717
cornflour,78,3.5849424262409637
crimini,78,3.5849424262409637
gnocchi,78,3.5849424262409637
mace,78,3.5849424262409637
strand,79,3.572203400463534
evoo,79,3.572203400463534
galangal,79,3.572203400463534
tilapia,80,3.5596246182566738
pappardelle,80,3.5596246182566738
möhre,80,3.5596246182566738
bucatini,80,3.5596246182566738
handvoll,80,3.5596246182566738
chestnut,81,3.5472020982581167
crystallize,81,3.5472020982581167
bosc,83,3.5228106451339576
honeydew,83,3.5228106451339576
hass,83,3.5228106451339576
sliver,83,3.5228106451339576
lorbeerblatt,83,3.5228106451339576
hominy,83,3.5228106451339576
asiago,84,3.510834454087242
vermouth,84,3.510834454087242
ladyfinger,84,3.510834454087242
fajita,84,3.510834454087242
split,85,3.498999996440239
cubed,85,3.498999996440239
ziti,85,3.498999996440239
tumeric,85,3.498999996440239
naan,85,3.498999996440239
rotel,86,3.4873039566770476
watermelon,86,3.4873039566770476
brew,87,3.4757431342759717
carton,87,3.4757431342759717
gallon,87,3.4757431342759717
asafetida,88,3.464314438452349
tea,89,3.4530148831984158
fine,89,3.4530148831984158
asafoetida,90,3.4418415826002904
crawfish,91,3.4307917464137057
rinse,91,3.4307917464137057
berry,91,3.4307917464137057
fingerling,92,3.4198626758815154
russet,92,3.4198626758815154
oder,93,3.4090517597772996
marshmallow,93,3.4090517597772996
gm,93,3.4090517597772996
turbinado,94,3.3983564706605516
ciabatta,95,3.3877743613300146
fig,95,3.3877743613300146
block,95,3.3877743613300146
blueberrie,96,3.3773030614627193
san,96,3.3773030614627193
purchase,96,3.3773030614627193
dosen,96,3.3773030614627193
hähnchenfilet,96,3.3773030614627193
stem,97,3.3669402744271726
coleslaw,97,3.3669402744271726
clean,97,3.3669402744271726
caraway,98,3.3566837742599835
cottage,98,3.3566837742599835
gruyre,98,3.3566837742599835
reserve,99,3.3465314027959656
gold,99,3.3465314027959656
miso,99,3.3465314027959656
glas,100,3.336481066942464
pinche,100,3.336481066942464
paneer,100,3.336481066942464
dough,100,3.336481066942464
gms,100,3.336481066942464
tandoori,100,3.336481066942464
tsps,100,3.336481066942464
beefsteak,101,3.326530736089296
wood,102,3.3166784396462843
prawn,103,3.3069222647009195
firm,104,3.297260353789183
kasuri,104,3.297260353789183
meringue,104,3.297260353789183
sourdough,105,3.2876909027730323
marsala,106,3.2782121588184885
tamari,106,3.2782121588184885
papaya,106,3.2782121588184885
pod,107,3.268822418468649
quick,107,3.268822418468649
nectar,107,3.268822418468649
ditalini,107,3.268822418468649
basilikum,108,3.259520025806336
crab,109,3.250303370701412
chickpea,109,3.250303370701412
tb,111,3.2321210516182215
fett,111,3.2321210516182215
zweige,112,3.223152381635461
rotisserie,112,3.223152381635461
fettuccine,113,3.214263434218215
bulb,113,3.214263434218215
tomaten,114,3.20545280453606
gorgonzola,115,3.1967191245673052
monterrey,115,3.1967191245673052
soften,115,3.1967191245673052
vodka,116,3.188061061824191
turnip,117,3.1794773181327995
duck,119,3.1625277598190262
root,119,3.1625277598190262
guajillo,120,3.1541595101485096
snip,121,3.1458607073338145
fruit,122,3.137630208197299
heart,123,3.129466897558138
creme,124,3.121369687325519
andor,124,3.121369687325519
meatball,125,3.1133375156282543
schlagsahne,126,3.1053693459790774
nudeln,126,3.1053693459790774
envelope,127,3.097464166471964
asian,128,3.0896209890109385
caramel,129,3.0818388485688835
boston,130,3.074116802474973
andouille,130,3.074116802474973
currant,130,3.074116802474973
pastry,131,3.066453929729404
fr,132,3.058849330344185
angel,132,3.058849330344185
center,133,3.0513021247088017
halibut,134,3.0438114529796443
cannellini,135,3.036376474492126
escarole,136,3.0289963671945035
jicama,137,3.0216703271024303
semolina,138,3.0143975677733508
salami,138,3.0143975677733508
pistachio,139,3.007177319799864
orzo,139,3.007177319799864
chilischote,140,3.000008830321251
edamame,140,3.000008830321251
lobster,140,3.000008830321251
käse,141,2.9928913625523874
gr,141,2.9928913625523874
pomegranate,141,2.9928913625523874
leeks,146,2.958044631222219
stangen,147,2.9512186661518194
polenta,147,2.9512186661518194
bamboo,148,2.9444389791664403
topping,149,2.937704946985096
pit,151,2.924371416115631
scheiben,151,2.924371416115631
hellmann,151,2.924371416115631
groe,152,2.917770732084279
bird,154,2.9046986505169263
batch,154,2.9046986505169263
safflower,154,2.9046986505169263
lard,154,2.9046986505169263
fontina,154,2.9046986505169263
caster,155,2.8982261360113086
refrie,155,2.8982261360113086
colby,155,2.8982261360113086
anaheim,155,2.8982261360113086
milch,156,2.8917952456810183
skin,156,2.8917952456810183
fillet,157,2.8854054475822473
heirloom,159,2.872747050710324
chard,161,2.8602468879460927
porcini,161,2.8602468879460927
parsnip,162,2.8540549176981713
schalotte,163,2.847901052123793
gemüsebrühe,164,2.841784825106357
portobello,165,2.835705779029975
cognac,165,2.835705779029975
rigatoni,165,2.835705779029975
sheet,166,2.829663464574012
vidalia,167,2.8236574405138004
skirt,168,2.8176872735272966
aubergine,169,2.811752538007482
pickle,169,2.811752538007482
artichoke,169,2.811752538007482
grapeseed,170,2.805852815880294
bibb,171,2.7999876964278956
champagne,171,2.7999876964278956
radicchio,171,2.7999876964278956
paprikaschote,172,2.7941567761171022
ribs,172,2.7941567761171022
marjoram,172,2.7941567761171022
prise,176,2.7711672578924036
zucker,179,2.7542654470898005
wish,179,2.7542654470898005
tequila,181,2.7431542216647298
endive,181,2.7431542216647298
olivenöl,182,2.7376445658537603
pico,188,2.705209290100606
tuna,188,2.705209290100606
etwas,190,2.6946271807700692
english,191,2.6893778248839255
thick,191,2.6893778248839255
hazelnut,191,2.6893778248839255
grapefruit,194,2.673793093867227
okra,195,2.6686516943668086
kernel,195,2.6686516943668086
bok,196,2.663536593700038
dark,197,2.658447524192567
clam,199,2.648346428206063
distil,199,2.648346428206063
sift,201,2.6383463448714797
grill,203,2.6284452738887683
poppy,206,2.6137750841409746
sunflower,206,2.6137750841409746
yoghurt,208,2.6041131732292375
adobo,209,2.5993170009657445
chorizo,209,2.5993170009657445
reggiano,210,2.594543722213087
crema,214,2.5756752379087042
creole,214,2.5756752379087042
champignon,215,2.5710132248028925
espresso,215,2.5710132248028925
food,217,2.561753899390096
devein,218,2.5571561901414666
process,220,2.548023706578194
packet,221,2.5434885514128025
unsalted,223,2.5344794814704366
mehl,224,2.530005201075516
knoblauchzehen,224,2.530005201075516
cajun,226,2.5211162536582696
pepperoni,229,2.507929249376316
serve,231,2.499233542408762
dose,232,2.4949138812642455
cake,232,2.4949138812642455
blackberry,232,2.4949138812642455
masa,233,2.490612799364855
arborio,234,2.486330137572854
bunche,235,2.4820657387863965
sun,235,2.4820657387863965
chickpeas,235,2.4820657387863965
kleine,237,2.4735911117954243
vertically,237,2.4735911117954243
graham,237,2.4735911117954243
lightly,238,2.469380579259081
pearl,238,2.469380579259081
blueberry,242,2.452713526773869
kidney,244,2.4444830276373537
crme,244,2.4444830276373537
beer,246,2.436319716998193
nut,248,2.4282225067655734
gruyere,248,2.4282225067655734
extravirgin,252,2.412222165419132
nonstick,252,2.412222165419132
macaroni,254,2.404316985912019
mussel,256,2.396473808450993
pear,257,2.3925751680353358
pinto,259,2.3848231912310176
coffee,260,2.380969621915028
oats,260,2.380969621915028
mascarpone,260,2.380969621915028
watercress,266,2.3581549441488563
linguine,272,2.335849186634558
crabmeat,272,2.335849186634558
tomate,273,2.3321794577455957
boiling,274,2.3285231465424854
rind,276,2.3212503872134054
napa,279,2.31043947110919
guacamole,279,2.31043947110919
tofu,279,2.31043947110919
yukon,282,2.299744181992442
steam,286,2.285659442110703
bourbon,289,2.2752245648181235
beet,293,2.261478643913488
veal,297,2.247919114127856
tartar,298,2.2445577664251513
heap,298,2.2445577664251513
zehen,301,2.23454098818168
palm,301,2.23454098818168
cotija,302,2.2312242355556857
baguette,305,2.221339476323144
goat,309,2.20830997603281
cremini,309,2.20830997603281
bund,310,2.2050789554513637
malunggay,311,2.2018583407513215
banana,315,2.1890786141049223
button,319,2.176460150145711
sampalok,331,2.1395328775534925
yeast,331,2.1395328775534925
container,332,2.1365162840140672
apricot,334,2.130510259953855
fenugreek,340,2.1127056353203484
provolone,341,2.109768775647039
raspberry,346,2.095212477872831
kale,348,2.089448773156081
quinoa,351,2.0808650294646895
pesto,355,2.06953346345514
broth,361,2.0527732945976744
oz,371,2.0254491903231204
store,372,2.0227573986574092
drain,374,2.0173954555160236
sweeten,374,2.0173954555160236
hamburger,375,2.0147252269601448
firmly,381,1.9988518778038544
grate,384,1.9910087003428287
sriracha,384,1.9910087003428287
knoblauchzehe,391,1.9729436929451898
kaffir,392,1.970389413140093
asparagus,402,1.9451991643115345
ham,406,1.9352980933288229
lentil,409,1.927936096887754
strawberry,412,1.9206279035810292
salmon,413,1.9182036599695227
boneless,417,1.9085650311317541
pfeffer,419,1.9037803330084178
anise,421,1.899018419248174
pineapple,424,1.8919177976985977
barbecue,425,1.8895620840061387
pizza,428,1.8825280573487588
peach,432,1.8732256646864454
allspice,434,1.8686067188301507
cauliflower,437,1.8617180578349655
penne,441,1.8526063774837094
zwiebel,443,1.8480814828854197
pound,443,1.8480814828854197
box,445,1.8435769707643153
size,451,1.8301839134278772
noodle,452,1.8279690730983242
feta,454,1.8235540548892075
maple,454,1.8235540548892075
bun,455,1.8213538339796052
gram,458,1.8147820688163707
radish,461,1.808253209933907
granny,465,1.799613847343199
marinara,467,1.7953219952616581
bunch,468,1.7931829570129088
shiitake,472,1.7846722673450002
bake,477,1.7741347620422143
pine,479,1.7699506555196403
pumpkin,498,1.7310511759059026
crack,501,1.7250451518456906
chill,503,1.7210610828308164
bag,506,1.7151145836430899
bone,506,1.7151145836430899
roma,510,1.707240527212184
jalapeño,516,1.6955444874489927
quality,517,1.6936083784221265
tl,524,1.6801595686095132
tear,526,1.6763500401928457
cranberry,528,1.672554969224294
prosciutto,536,1.6575170918597535
raisin,551,1.6299164437776412
lamb,566,1.6030571747273725
queso,571,1.5942620432745453
anchovy,573,1.590765536215816
enchilada,584,1.5717502701023285
cashew,587,1.566626433102459
semisweet,591,1.5598352355244574
shred,598,1.5480604989799238
ancho,600,1.544721597714409
tarragon,610,1.5281922957631986
cornmeal,632,1.492761858783698
leek,643,1.475506528692936
mango,650,1.4646788900408727
tomatillo,654,1.4585439014733568
confectioner,660,1.4494114179100843
pecan,669,1.435867192802327
pecorino,675,1.4269385620580257
ghee,677,1.4239799800182806
sherry,684,1.413693335308005
fresh,690,1.4049596553392505
caper,700,1.3905709178871508
oyster,705,1.383453450118287
arugula,709,1.377795726398428
broccoli,710,1.3763862828951945
squeeze,720,1.3624000409204544
ketchup,725,1.3554795980758807
serrano,736,1.3404211342016792
taco,754,1.3162588849225996
toast,769,1.2965602834249115
buttermilk,781,1.2810761030908695
eggplant,786,1.274694460501349
walnut,795,1.2633091382762236
romaine,797,1.2607965741403406
margarine,799,1.2582903071642808
grape,805,1.2508089755119922
cocoa,815,1.2384631396896928
dill,828,1.2226380985452958
parmigiano,833,1.2166176107637128
breadcrumb,861,1.1835567485028247
cabbage,872,1.1708618290215758
monterey,875,1.167427366572941
cider,877,1.1651442605583724
jalapeo,879,1.1628663552453784
tortilla,917,1.1205437806740908
squash,965,1.0695231515915695
lasagna,971,1.0633247846392306
chive,974,1.0602399492880203
sage,994,1.0399140462739815
wheat,1026,1.0082282271998408
spaghetti,1045,0.9898790885316442
salz,1049,0.9860586445342583
jar,1069,0.9671723419055103
half,1094,0.944055269948629
pasta,1118,0.922354599215511
cucumber,1132,0.9099099941674272
lettuce,1248,0.8123537040011826
rosemary,1268,0.7964551179333843
plum,1277,0.7893823968980163
peppercorn,1312,0.762343283426521
pea,1325,0.752483514510233
chilli,1336,0.7442158988339646
el,1337,0.7434676758286124
sprig,1359,0.7271468387794119
garnish,1419,0.6839435757705129
apple,1427,0.6783216354537192
worcestershire,1435,0.672731124736834
cherry,1446,0.6650948502118456
mushroom,1454,0.6595775948370908
fennel,1502,0.6270984206064755
cardamom,1506,0.6244388445707166
nutmeg,1521,0.6145279606712627
mayonnaise,1525,0.6119015638890435
zucchini,1551,0.5949960897540166
almond,1577,0.5783716659675171
bacon,1614,0.5551804041006614
spinach,1635,0.5422531695992018
chocolate,1683,0.5133180587397494
ricotta,1695,0.5062132331160049
baking,1719,0.49215324754770623
jalapeno,1759,0.46915050819299736
mint,1760,0.468582164898358
bread,1784,0.4550379397906008
chipotle,1787,0.4533577377711274
sausage,1790,0.45168035409575485
inch,1847,0.42033327273131554
salsa,1882,0.40156093278523064
sesame,1885,0.3999681530484443
shrimp,1903,0.39046438563440605
yogurt,1947,0.3676062475583559
scallion,1957,0.36248328553447934
canola,1962,0.3599316128052471
cornstarch,1985,0.34827705980926477
vinegar,2030,0.3258601808947225
peanut,2115,0.2848411614501771
ounce,2159,0.2642508224157482
curry,2176,0.25640764495472224
paprika,2340,0.18374504457880836
fish,2349,0.17990626827164274
garam,2361,0.17481071584504262
honey,2381,0.16637540644369267
potato,2400,0.15842723659451852
coconut,2488,0.1224167990714854
cayenne,2571,0.0896010456646661
sea,2628,0.0676728733260545
avocado,2659,0.0559458616875357
pork,2677,0.04919920941020308
turmeric,2799,0.004633763415101911
shallot,2974,-0.056011874089544895
green,3058,-0.08386513355845213
mozzarella,3217,-0.13455327430847078
bean,3439,-0.20128475750171065
thyme,3443,-0.2024472104079683
cinnamon,3517,-0.22371237954342693
celery,3726,-0.28143929823097824
coriander,3782,-0.2963569962878473
bell,3820,-0.30635444867006534
bay,3822,-0.30687787186966287
cooking,3921,-0.33245074936177615
vanilla,4158,-0.39113821548740274
rice,4375,-0.44201054586115923
soy,4384,-0.444065575697296
mustard,4452,-0.4594574594648799
carrot,4685,-0.510469941741967
beef,4854,-0.5459071333559911
corn,4881,-0.5514541429565919
oregano,5148,-0.6047123157854617
basil,5265,-0.6271851716375204
ginger,6145,-0.7817427690695796
milk,6246,-0.7980452849124683
parsley,6310,-0.8082397026047032
vegetable,6315,-0.809031781854036
lime,6866,-0.8926857210870819
wine,7670,-1.0034206414307463
cilantro,8013,-1.047169248847515
cheese,8416,-1.0962386820469356
lemon,8464,-1.101925901167525
chili,8728,-1.1326402745823512
cumin,8762,-1.1365282154432883
flour,9099,-1.1742685434261353
butter,9255,-1.1912679720770423
water,9480,-1.215288342318512
tomato,9574,-1.2251551170218988
egg,10878,-1.3528464270523506
chicken,10954,-1.359808712413111
oil,12312,-1.4766784225881597
sugar,13568,-1.5738181051011289
olive,14194,-1.6189233661543727
onion,26290,-2.2352926647933713
garlic,27470,-2.279198526158764
pepper,29230,-2.341299605174736
salt,37270,-2.5842927395427484
